<?xml version="1.0" encoding="utf-8" ?>
<manifest>
  <control namespace="sliders" constructor="SampleControl" version="0.0.1" display-name-key="SampleControl" description-key="SampleControl description" control-type="standard" >
    <!--external-service-usage node declares whether this 3rd party PCF control is using external service or not, if yes, this control will be considered as premium and please also add the external domain it is using.
    If it is not using any external service, please set the enabled="false" and DO NOT add any domain below. The "enabled" will be false by default.
    Example1:
      <external-service-usage enabled="true">
        <domain>www.Microsoft.com</domain>
      </external-service-usage>
    Example2:
      <external-service-usage enabled="false">
      </external-service-usage>
    -->
    
    <!-- property node identifies a specific, configurable piece of data that the control expects from CDS -->
    <property name="dnlbslider" display-name-key="Property_Display_Key" description-key="dnlbslider description" of-type="Whole.None" usage="bound" required="true" />
    
    <resources>
      <code path="index.ts" order="1"/>
      <css path="css/slider-style.css" order="2" />
      <!-- <css path="css/SampleControl.css" order="1" />
      <resx path="strings/SampleControl.1033.resx" version="1.0.0" /> -->
     
    </resources>
    
  </control>
</manifest>
